language,package,module,source,line,local_version,status,lock_status
Python,numpy,numpy,analysis/tcr/analyze_TCR_evidence.py,13,2.0.2,INSTALLED_LOCAL,NOT_A_HISTORICAL_LOCK
Python,pandas,pandas,analysis/tcr/analyze_TCR_evidence.py,14,2.2.3,INSTALLED_LOCAL,NOT_A_HISTORICAL_LOCK
Python,scipy,scipy,analysis/tcr/analyze_TCR_evidence.py,15,1.14.1,INSTALLED_LOCAL,NOT_A_HISTORICAL_LOCK
Python,scipy,scipy.io,analysis/tcr/analyze_TCR_evidence.py,16,1.14.1,INSTALLED_LOCAL,NOT_A_HISTORICAL_LOCK
Python,anndata,anndata,analysis/clinical/analyze_TWEAK_SORL1_axis.py,14,0.11.1,INSTALLED_LOCAL,NOT_A_HISTORICAL_LOCK
Python,numpy,numpy,analysis/clinical/analyze_TWEAK_SORL1_axis.py,15,2.0.2,INSTALLED_LOCAL,NOT_A_HISTORICAL_LOCK
Python,pandas,pandas,analysis/clinical/analyze_TWEAK_SORL1_axis.py,16,2.2.3,INSTALLED_LOCAL,NOT_A_HISTORICAL_LOCK
Python,scipy,scipy,analysis/clinical/analyze_TWEAK_SORL1_axis.py,17,1.14.1,INSTALLED_LOCAL,NOT_A_HISTORICAL_LOCK
Python,numpy,numpy,analysis/programmes/analyze_cross_organ_receiver_programs.py,9,2.0.2,INSTALLED_LOCAL,NOT_A_HISTORICAL_LOCK
Python,pandas,pandas,analysis/programmes/analyze_cross_organ_receiver_programs.py,10,2.2.3,INSTALLED_LOCAL,NOT_A_HISTORICAL_LOCK
Python,scipy,scipy,analysis/programmes/analyze_cross_organ_receiver_programs.py,11,1.14.1,INSTALLED_LOCAL,NOT_A_HISTORICAL_LOCK
R,readxl,readxl,analysis/clinical/audit_icb_guardrail_inputs.R,,,SEE_R_INVENTORY,NOT_A_HISTORICAL_LOCK
R,data.table,data.table,analysis/clinical/audit_icb_guardrail_inputs.R,,,SEE_R_INVENTORY,NOT_A_HISTORICAL_LOCK
R,msigdbr,msigdbr,analysis/historical_selection/audit_organoid_offtarget_pathways.R,,,SEE_R_INVENTORY,NOT_A_HISTORICAL_LOCK
R,data.table,data.table,analysis/historical_selection/audit_organoid_offtarget_pathways.R,,,SEE_R_INVENTORY,NOT_A_HISTORICAL_LOCK
R,fgsea,fgsea,analysis/historical_selection/audit_organoid_offtarget_pathways.R,,,SEE_R_INVENTORY,NOT_A_HISTORICAL_LOCK
Python,pandas,pandas,data_prep/patients/build_core_sample_inventory.py,9,2.2.3,INSTALLED_LOCAL,NOT_A_HISTORICAL_LOCK
Python,pandas,pandas,data_prep/downloads/build_download_manifest.py,11,2.2.3,INSTALLED_LOCAL,NOT_A_HISTORICAL_LOCK
Python,numpy,numpy,plotting/tables/historical/build_final_synthesis_tables.py,8,2.0.2,INSTALLED_LOCAL,NOT_A_HISTORICAL_LOCK
Python,pandas,pandas,plotting/tables/historical/build_final_synthesis_tables.py,9,2.2.3,INSTALLED_LOCAL,NOT_A_HISTORICAL_LOCK
Python,anndata,anndata,data_prep/patients/build_h5ad_pseudobulk.py,12,0.11.1,INSTALLED_LOCAL,NOT_A_HISTORICAL_LOCK
Python,numpy,numpy,data_prep/patients/build_h5ad_pseudobulk.py,13,2.0.2,INSTALLED_LOCAL,NOT_A_HISTORICAL_LOCK
Python,pandas,pandas,data_prep/patients/build_h5ad_pseudobulk.py,14,2.2.3,INSTALLED_LOCAL,NOT_A_HISTORICAL_LOCK
Python,scipy,scipy,data_prep/patients/build_h5ad_pseudobulk.py,15,1.14.1,INSTALLED_LOCAL,NOT_A_HISTORICAL_LOCK
Python,scipy,scipy.io,data_prep/patients/build_h5ad_pseudobulk.py,16,1.14.1,INSTALLED_LOCAL,NOT_A_HISTORICAL_LOCK
Python,pandas,pandas,workflow/recorded_provenance/build_reproducibility_inventory.py,8,2.2.3,INSTALLED_LOCAL,NOT_A_HISTORICAL_LOCK
Python,numpy,numpy,data_prep/patients/build_spatial_sample_pseudobulk.py,18,2.0.2,INSTALLED_LOCAL,NOT_A_HISTORICAL_LOCK
Python,pandas,pandas,data_prep/patients/build_spatial_sample_pseudobulk.py,19,2.2.3,INSTALLED_LOCAL,NOT_A_HISTORICAL_LOCK
Python,scipy,scipy,data_prep/patients/build_spatial_sample_pseudobulk.py,20,1.14.1,INSTALLED_LOCAL,NOT_A_HISTORICAL_LOCK
Python,scipy,scipy.io,data_prep/patients/build_spatial_sample_pseudobulk.py,21,1.14.1,INSTALLED_LOCAL,NOT_A_HISTORICAL_LOCK
R,msigdbr,msigdbr,analysis/programmes/derive_and_validate_irAE_modules.R,,,SEE_R_INVENTORY,NOT_A_HISTORICAL_LOCK
R,data.table,data.table,analysis/programmes/derive_and_validate_irAE_modules.R,,,SEE_R_INVENTORY,NOT_A_HISTORICAL_LOCK
R,fgsea,fgsea,analysis/programmes/derive_and_validate_irAE_modules.R,,,SEE_R_INVENTORY,NOT_A_HISTORICAL_LOCK
Python,numpy,numpy,analysis/programmes/evaluate_patient_level_module_performance.py,11,2.0.2,INSTALLED_LOCAL,NOT_A_HISTORICAL_LOCK
Python,pandas,pandas,analysis/programmes/evaluate_patient_level_module_performance.py,12,2.2.3,INSTALLED_LOCAL,NOT_A_HISTORICAL_LOCK
Python,scipy,scipy,analysis/programmes/evaluate_patient_level_module_performance.py,13,1.14.1,INSTALLED_LOCAL,NOT_A_HISTORICAL_LOCK
Python,scipy,scipy.io,analysis/programmes/evaluate_patient_level_module_performance.py,14,1.14.1,INSTALLED_LOCAL,NOT_A_HISTORICAL_LOCK
R,readxl,readxl,data_prep/organoid_exports/extract_GSE313368_module_effects.R,,,SEE_R_INVENTORY,NOT_A_HISTORICAL_LOCK
R,data.table,data.table,data_prep/organoid_exports/extract_GSE313368_module_effects.R,,,SEE_R_INVENTORY,NOT_A_HISTORICAL_LOCK
Python,openpyxl,openpyxl,data_prep/organoid_exports/extract_GSE313368_perturbation_DE.py,14,,MISSING_LOCAL,NOT_A_HISTORICAL_LOCK
R,Matrix,Matrix,data_prep/organoid_exports/inspect_GSE313368_Robj.R,,,SEE_R_INVENTORY,NOT_A_HISTORICAL_LOCK
R,methods,methods,data_prep/organoid_exports/inspect_GSE313368_Robj.R,,,SEE_R_INVENTORY,NOT_A_HISTORICAL_LOCK
R,Seurat,Seurat,data_prep/organoid_exports/inspect_GSE313368_Robj.R,,,SEE_R_INVENTORY,NOT_A_HISTORICAL_LOCK
Python,anndata,anndata,data_prep/patients/inspect_h5ad.py,10,0.11.1,INSTALLED_LOCAL,NOT_A_HISTORICAL_LOCK
Python,pandas,pandas,data_prep/patients/inspect_h5ad.py,11,2.2.3,INSTALLED_LOCAL,NOT_A_HISTORICAL_LOCK
R,cowplot,cowplot,plotting/historical/make_manuscript_figures.R,,,SEE_R_INVENTORY,NOT_A_HISTORICAL_LOCK
R,jsonlite,jsonlite,plotting/historical/make_manuscript_figures.R,,,SEE_R_INVENTORY,NOT_A_HISTORICAL_LOCK
R,ggplot2,ggplot2,plotting/historical/make_manuscript_figures.R,,,SEE_R_INVENTORY,NOT_A_HISTORICAL_LOCK
R,scales,scales,plotting/historical/make_manuscript_figures.R,,,SEE_R_INVENTORY,NOT_A_HISTORICAL_LOCK
R,tidyr,tidyr,plotting/historical/make_manuscript_figures.R,,,SEE_R_INVENTORY,NOT_A_HISTORICAL_LOCK
R,ggrepel,ggrepel,plotting/historical/make_manuscript_figures.R,,,SEE_R_INVENTORY,NOT_A_HISTORICAL_LOCK
R,dplyr,dplyr,plotting/historical/make_manuscript_figures.R,,,SEE_R_INVENTORY,NOT_A_HISTORICAL_LOCK
R,grDevices,grDevices,plotting/historical/make_manuscript_figures.R,,,SEE_R_INVENTORY,NOT_A_HISTORICAL_LOCK
R,data.table,data.table,config/recorded/project_config.R,,,SEE_R_INVENTORY,NOT_A_HISTORICAL_LOCK
R,msigdbr,msigdbr,analysis/programmes/run_celltype_pathway_enrichment.R,,,SEE_R_INVENTORY,NOT_A_HISTORICAL_LOCK
R,data.table,data.table,analysis/programmes/run_celltype_pathway_enrichment.R,,,SEE_R_INVENTORY,NOT_A_HISTORICAL_LOCK
R,fgsea,fgsea,analysis/programmes/run_celltype_pathway_enrichment.R,,,SEE_R_INVENTORY,NOT_A_HISTORICAL_LOCK
R,readxl,readxl,analysis/clinical/run_icb_efficacy_guardrail.R,,,SEE_R_INVENTORY,NOT_A_HISTORICAL_LOCK
R,data.table,data.table,analysis/clinical/run_icb_efficacy_guardrail.R,,,SEE_R_INVENTORY,NOT_A_HISTORICAL_LOCK
R,jsonlite,jsonlite,analysis/clinical/run_icb_efficacy_guardrail.R,,,SEE_R_INVENTORY,NOT_A_HISTORICAL_LOCK
R,Biobase,Biobase,analysis/clinical/run_icb_efficacy_guardrail.R,,,SEE_R_INVENTORY,NOT_A_HISTORICAL_LOCK
R,survival,survival,analysis/clinical/run_icb_efficacy_guardrail.R,,,SEE_R_INVENTORY,NOT_A_HISTORICAL_LOCK
R,org.Hs.eg.db,org.Hs.eg.db,analysis/clinical/run_icb_efficacy_guardrail.R,,,SEE_R_INVENTORY,NOT_A_HISTORICAL_LOCK
R,metafor,metafor,analysis/clinical/run_icb_efficacy_guardrail.R,,,SEE_R_INVENTORY,NOT_A_HISTORICAL_LOCK
R,edgeR,edgeR,analysis/clinical/run_icb_efficacy_guardrail.R,,,SEE_R_INVENTORY,NOT_A_HISTORICAL_LOCK
R,pROC,pROC,analysis/clinical/run_icb_efficacy_guardrail.R,,,SEE_R_INVENTORY,NOT_A_HISTORICAL_LOCK
R,AnnotationDbi,AnnotationDbi,analysis/clinical/run_icb_efficacy_guardrail.R,,,SEE_R_INVENTORY,NOT_A_HISTORICAL_LOCK
R,msigdbr,msigdbr,analysis/programmes/run_independent_colon_pathway_enrichment.R,,,SEE_R_INVENTORY,NOT_A_HISTORICAL_LOCK
R,data.table,data.table,analysis/programmes/run_independent_colon_pathway_enrichment.R,,,SEE_R_INVENTORY,NOT_A_HISTORICAL_LOCK
R,fgsea,fgsea,analysis/programmes/run_independent_colon_pathway_enrichment.R,,,SEE_R_INVENTORY,NOT_A_HISTORICAL_LOCK
R,Matrix,Matrix,analysis/patient_level/run_independent_colon_pseudobulk_de.R,,,SEE_R_INVENTORY,NOT_A_HISTORICAL_LOCK
R,data.table,data.table,analysis/patient_level/run_independent_colon_pseudobulk_de.R,,,SEE_R_INVENTORY,NOT_A_HISTORICAL_LOCK
R,edgeR,edgeR,analysis/patient_level/run_independent_colon_pseudobulk_de.R,,,SEE_R_INVENTORY,NOT_A_HISTORICAL_LOCK
R,Matrix,Matrix,analysis/programmes/run_lung_source_confounded_sensitivity.R,,,SEE_R_INVENTORY,NOT_A_HISTORICAL_LOCK
R,data.table,data.table,analysis/programmes/run_lung_source_confounded_sensitivity.R,,,SEE_R_INVENTORY,NOT_A_HISTORICAL_LOCK
R,edgeR,edgeR,analysis/programmes/run_lung_source_confounded_sensitivity.R,,,SEE_R_INVENTORY,NOT_A_HISTORICAL_LOCK
R,fgsea,fgsea,analysis/programmes/run_lung_source_confounded_sensitivity.R,,,SEE_R_INVENTORY,NOT_A_HISTORICAL_LOCK
R,Matrix,Matrix,analysis/patient_level/run_patient_level_pseudobulk_de.R,,,SEE_R_INVENTORY,NOT_A_HISTORICAL_LOCK
R,data.table,data.table,analysis/patient_level/run_patient_level_pseudobulk_de.R,,,SEE_R_INVENTORY,NOT_A_HISTORICAL_LOCK
R,edgeR,edgeR,analysis/patient_level/run_patient_level_pseudobulk_de.R,,,SEE_R_INVENTORY,NOT_A_HISTORICAL_LOCK
R,msigdbr,msigdbr,analysis/programmes/run_spatial_pathway_enrichment.R,,,SEE_R_INVENTORY,NOT_A_HISTORICAL_LOCK
R,data.table,data.table,analysis/programmes/run_spatial_pathway_enrichment.R,,,SEE_R_INVENTORY,NOT_A_HISTORICAL_LOCK
R,fgsea,fgsea,analysis/programmes/run_spatial_pathway_enrichment.R,,,SEE_R_INVENTORY,NOT_A_HISTORICAL_LOCK
R,Matrix,Matrix,analysis/patient_level/run_spatial_sample_pseudobulk_de.R,,,SEE_R_INVENTORY,NOT_A_HISTORICAL_LOCK
R,data.table,data.table,analysis/patient_level/run_spatial_sample_pseudobulk_de.R,,,SEE_R_INVENTORY,NOT_A_HISTORICAL_LOCK
R,edgeR,edgeR,analysis/patient_level/run_spatial_sample_pseudobulk_de.R,,,SEE_R_INVENTORY,NOT_A_HISTORICAL_LOCK
R,data.table,data.table,analysis/historical_selection/screen_GSE313368_irAE_rescue.R,,,SEE_R_INVENTORY,NOT_A_HISTORICAL_LOCK
R,fgsea,fgsea,analysis/historical_selection/screen_GSE313368_irAE_rescue.R,,,SEE_R_INVENTORY,NOT_A_HISTORICAL_LOCK
R,data.table,data.table,analysis/historical_selection/validate_TNFSF12_signature_reciprocity.R,,,SEE_R_INVENTORY,NOT_A_HISTORICAL_LOCK
R,fgsea,fgsea,analysis/historical_selection/validate_TNFSF12_signature_reciprocity.R,,,SEE_R_INVENTORY,NOT_A_HISTORICAL_LOCK
R,utils,utils,plotting/recorded_closeout/csv_io.R,,,SEE_R_INVENTORY,NOT_A_HISTORICAL_LOCK
R,jsonlite,jsonlite,plotting/recorded_closeout/plot_final.R,,,SEE_R_INVENTORY,NOT_A_HISTORICAL_LOCK
R,grDevices,grDevices,plotting/recorded_closeout/plot_final.R,,,SEE_R_INVENTORY,NOT_A_HISTORICAL_LOCK
R,cowplot,cowplot,plotting/recorded_closeout/plot_organoid_supplement.R,,,SEE_R_INVENTORY,NOT_A_HISTORICAL_LOCK
R,jsonlite,jsonlite,plotting/recorded_closeout/plot_organoid_supplement.R,,,SEE_R_INVENTORY,NOT_A_HISTORICAL_LOCK
R,ggplot2,ggplot2,plotting/recorded_closeout/plot_organoid_supplement.R,,,SEE_R_INVENTORY,NOT_A_HISTORICAL_LOCK
R,tidyr,tidyr,plotting/recorded_closeout/plot_organoid_supplement.R,,,SEE_R_INVENTORY,NOT_A_HISTORICAL_LOCK
R,dplyr,dplyr,plotting/recorded_closeout/plot_organoid_supplement.R,,,SEE_R_INVENTORY,NOT_A_HISTORICAL_LOCK
R,tidyr,tidyr,plotting/recorded_closeout/plot_supplement_final.R,,,SEE_R_INVENTORY,NOT_A_HISTORICAL_LOCK
R,cowplot,cowplot,plotting/recorded_closeout/theme_final.R,,,SEE_R_INVENTORY,NOT_A_HISTORICAL_LOCK
R,grDevices,grDevices,plotting/recorded_closeout/theme_final.R,,,SEE_R_INVENTORY,NOT_A_HISTORICAL_LOCK
R,ggplot2,ggplot2,plotting/recorded_closeout/theme_final.R,,,SEE_R_INVENTORY,NOT_A_HISTORICAL_LOCK
R,tidyr,tidyr,plotting/recorded_closeout/theme_final.R,,,SEE_R_INVENTORY,NOT_A_HISTORICAL_LOCK
R,ggrepel,ggrepel,plotting/recorded_closeout/theme_final.R,,,SEE_R_INVENTORY,NOT_A_HISTORICAL_LOCK
R,dplyr,dplyr,plotting/recorded_closeout/theme_final.R,,,SEE_R_INVENTORY,NOT_A_HISTORICAL_LOCK
R,tools,tools,plotting/recorded_closeout/theme_final.R,,,SEE_R_INVENTORY,NOT_A_HISTORICAL_LOCK
Python,requests,requests,data_prep/organoid_counts/acquire_metadata.py,4,2.31.0,INSTALLED_LOCAL,NOT_A_HISTORICAL_LOCK
R,Matrix,Matrix,analysis/organoid/analyze_organoid.R,,,SEE_R_INVENTORY,NOT_A_HISTORICAL_LOCK
R,DESeq2,DESeq2,analysis/organoid/analyze_organoid.R,,,SEE_R_INVENTORY,NOT_A_HISTORICAL_LOCK
R,jsonlite,jsonlite,analysis/organoid/analyze_organoid.R,,,SEE_R_INVENTORY,NOT_A_HISTORICAL_LOCK
R,fgsea,fgsea,analysis/organoid/analyze_organoid.R,,,SEE_R_INVENTORY,NOT_A_HISTORICAL_LOCK
Python,requests,requests,data_prep/organoid_counts/download_organoid.py,3,2.31.0,INSTALLED_LOCAL,NOT_A_HISTORICAL_LOCK
Python,numpy,numpy,data_prep/organoid_counts/export_r_capture.py,3,2.0.2,INSTALLED_LOCAL,NOT_A_HISTORICAL_LOCK
Python,pandas,pandas,data_prep/organoid_counts/export_r_capture.py,3,2.2.3,INSTALLED_LOCAL,NOT_A_HISTORICAL_LOCK
Python,numpy,numpy,analysis/organoid/finalize_organoid.py,4,2.0.2,INSTALLED_LOCAL,NOT_A_HISTORICAL_LOCK
Python,pandas,pandas,analysis/organoid/finalize_organoid.py,4,2.2.3,INSTALLED_LOCAL,NOT_A_HISTORICAL_LOCK
Python,scipy,scipy.stats,analysis/organoid/finalize_organoid.py,5,1.14.1,INSTALLED_LOCAL,NOT_A_HISTORICAL_LOCK
Python,scipy,scipy.io,analysis/organoid/finalize_organoid.py,6,1.14.1,INSTALLED_LOCAL,NOT_A_HISTORICAL_LOCK
Python,requests,requests,data_prep/organoid_counts/organoid_source_probe.py,2,2.31.0,INSTALLED_LOCAL,NOT_A_HISTORICAL_LOCK
Python,beautifulsoup4,bs4,data_prep/organoid_counts/organoid_source_probe.py,18,,MISSING_LOCAL,NOT_A_HISTORICAL_LOCK
Python,numpy,numpy,data_prep/conditional/prepare_conditional.py,4,2.0.2,INSTALLED_LOCAL,NOT_A_HISTORICAL_LOCK
Python,pandas,pandas,data_prep/conditional/prepare_conditional.py,4,2.2.3,INSTALLED_LOCAL,NOT_A_HISTORICAL_LOCK
Python,numpy,numpy,data_prep/organoid_counts/prepare_organoid.py,3,2.0.2,INSTALLED_LOCAL,NOT_A_HISTORICAL_LOCK
Python,pandas,pandas,data_prep/organoid_counts/prepare_organoid.py,3,2.2.3,INSTALLED_LOCAL,NOT_A_HISTORICAL_LOCK
Python,scipy,scipy.sparse,data_prep/organoid_counts/prepare_organoid.py,4,1.14.1,INSTALLED_LOCAL,NOT_A_HISTORICAL_LOCK
Python,scipy,scipy.io,data_prep/organoid_counts/prepare_organoid.py,5,1.14.1,INSTALLED_LOCAL,NOT_A_HISTORICAL_LOCK
R,Matrix,Matrix,tests/recorded/serialization_fixture.R,,,SEE_R_INVENTORY,NOT_A_HISTORICAL_LOCK
R,Seurat,Seurat,tests/recorded/serialization_fixture.R,,,SEE_R_INVENTORY,NOT_A_HISTORICAL_LOCK
Python,numpy,numpy,data_prep/organoid_counts/stream_r_object.py,9,2.0.2,INSTALLED_LOCAL,NOT_A_HISTORICAL_LOCK
Python,numpy,numpy,tests/recorded/test_r_reader.py,3,2.0.2,INSTALLED_LOCAL,NOT_A_HISTORICAL_LOCK
Python,pandas,pandas,tests/recorded/test_r_reader.py,3,2.2.3,INSTALLED_LOCAL,NOT_A_HISTORICAL_LOCK
Python,scipy,scipy.sparse,tests/recorded/test_r_reader.py,4,1.14.1,INSTALLED_LOCAL,NOT_A_HISTORICAL_LOCK
Python,numpy,numpy,tests/recorded/verify_conditional.py,3,2.0.2,INSTALLED_LOCAL,NOT_A_HISTORICAL_LOCK
Python,pandas,pandas,tests/recorded/verify_conditional.py,3,2.2.3,INSTALLED_LOCAL,NOT_A_HISTORICAL_LOCK
Python,scipy,scipy.stats,tests/recorded/verify_conditional.py,4,1.14.1,INSTALLED_LOCAL,NOT_A_HISTORICAL_LOCK
Python,numpy,numpy,tests/recorded/verify_models_readonly.py,4,2.0.2,INSTALLED_LOCAL,NOT_A_HISTORICAL_LOCK
Python,pandas,pandas,tests/recorded/verify_models_readonly.py,4,2.2.3,INSTALLED_LOCAL,NOT_A_HISTORICAL_LOCK
Python,scipy,scipy.stats,tests/recorded/verify_models_readonly.py,5,1.14.1,INSTALLED_LOCAL,NOT_A_HISTORICAL_LOCK
Python,scipy,scipy.io,tests/recorded/verify_models_readonly.py,6,1.14.1,INSTALLED_LOCAL,NOT_A_HISTORICAL_LOCK
Python,numpy,numpy,analysis/spatial/analyze_spatial_frozen.py,4,2.0.2,INSTALLED_LOCAL,NOT_A_HISTORICAL_LOCK
Python,pandas,pandas,analysis/spatial/analyze_spatial_frozen.py,4,2.2.3,INSTALLED_LOCAL,NOT_A_HISTORICAL_LOCK
Python,h5py,h5py,analysis/spatial/analyze_spatial_frozen.py,4,3.12.1,INSTALLED_LOCAL,NOT_A_HISTORICAL_LOCK
Python,scipy,scipy,analysis/spatial/analyze_spatial_frozen.py,4,1.14.1,INSTALLED_LOCAL,NOT_A_HISTORICAL_LOCK
Python,scipy,scipy,analysis/spatial/analyze_spatial_frozen.py,5,1.14.1,INSTALLED_LOCAL,NOT_A_HISTORICAL_LOCK
Python,requests,requests,data_prep/spatial/fetch_sources.py,2,2.31.0,INSTALLED_LOCAL,NOT_A_HISTORICAL_LOCK
R,cowplot,cowplot,plotting/targeted/plot_conditional.R,,,SEE_R_INVENTORY,NOT_A_HISTORICAL_LOCK
R,ggplot2,ggplot2,plotting/targeted/plot_conditional.R,,,SEE_R_INVENTORY,NOT_A_HISTORICAL_LOCK
R,grDevices,grDevices,plotting/targeted/plot_conditional.R,,,SEE_R_INVENTORY,NOT_A_HISTORICAL_LOCK
R,cowplot,cowplot,plotting/targeted/plot_organoid_supplement.R,,,SEE_R_INVENTORY,NOT_A_HISTORICAL_LOCK
R,jsonlite,jsonlite,plotting/targeted/plot_organoid_supplement.R,,,SEE_R_INVENTORY,NOT_A_HISTORICAL_LOCK
R,ggplot2,ggplot2,plotting/targeted/plot_organoid_supplement.R,,,SEE_R_INVENTORY,NOT_A_HISTORICAL_LOCK
R,tidyr,tidyr,plotting/targeted/plot_organoid_supplement.R,,,SEE_R_INVENTORY,NOT_A_HISTORICAL_LOCK
R,dplyr,dplyr,plotting/targeted/plot_organoid_supplement.R,,,SEE_R_INVENTORY,NOT_A_HISTORICAL_LOCK
R,grDevices,grDevices,plotting/targeted/plot_organoid_supplement.R,,,SEE_R_INVENTORY,NOT_A_HISTORICAL_LOCK
R,cowplot,cowplot,plotting/targeted/plot_spatial_extension.R,,,SEE_R_INVENTORY,NOT_A_HISTORICAL_LOCK
R,ggplot2,ggplot2,plotting/targeted/plot_spatial_extension.R,,,SEE_R_INVENTORY,NOT_A_HISTORICAL_LOCK
R,png,png,plotting/targeted/plot_spatial_extension.R,,,SEE_R_INVENTORY,NOT_A_HISTORICAL_LOCK
R,dplyr,dplyr,plotting/targeted/plot_spatial_extension.R,,,SEE_R_INVENTORY,NOT_A_HISTORICAL_LOCK
R,grDevices,grDevices,plotting/targeted/plot_spatial_extension.R,,,SEE_R_INVENTORY,NOT_A_HISTORICAL_LOCK
R,jsonlite,jsonlite,plotting/historical_targeted/plot_v1.R,,,SEE_R_INVENTORY,NOT_A_HISTORICAL_LOCK
R,rlang,rlang,plotting/historical_targeted/plot_v1.R,,,SEE_R_INVENTORY,NOT_A_HISTORICAL_LOCK
R,dplyr,dplyr,plotting/historical_targeted/plot_v1.R,,,SEE_R_INVENTORY,NOT_A_HISTORICAL_LOCK
R,cowplot,cowplot,plotting/historical_targeted/plot_v1.R,,,SEE_R_INVENTORY,NOT_A_HISTORICAL_LOCK
R,ggplot2,ggplot2,plotting/historical_targeted/plot_v1.R,,,SEE_R_INVENTORY,NOT_A_HISTORICAL_LOCK
R,tidyr,tidyr,plotting/historical_targeted/plot_v1.R,,,SEE_R_INVENTORY,NOT_A_HISTORICAL_LOCK
R,ggrepel,ggrepel,plotting/historical_targeted/plot_v1.R,,,SEE_R_INVENTORY,NOT_A_HISTORICAL_LOCK
R,grDevices,grDevices,plotting/historical_targeted/plot_v1.R,,,SEE_R_INVENTORY,NOT_A_HISTORICAL_LOCK
R,cowplot,cowplot,plotting/targeted/plot_xenium_extension.R,,,SEE_R_INVENTORY,NOT_A_HISTORICAL_LOCK
R,ggplot2,ggplot2,plotting/targeted/plot_xenium_extension.R,,,SEE_R_INVENTORY,NOT_A_HISTORICAL_LOCK
R,dplyr,dplyr,plotting/targeted/plot_xenium_extension.R,,,SEE_R_INVENTORY,NOT_A_HISTORICAL_LOCK
R,grDevices,grDevices,plotting/targeted/plot_xenium_extension.R,,,SEE_R_INVENTORY,NOT_A_HISTORICAL_LOCK
Python,requests,requests,data_prep/spatial/probe_public_cohorts.py,3,2.31.0,INSTALLED_LOCAL,NOT_A_HISTORICAL_LOCK
Python,requests,requests,data_prep/spatial/remote_h5_metadata.py,3,2.31.0,INSTALLED_LOCAL,NOT_A_HISTORICAL_LOCK
Python,h5py,h5py,data_prep/spatial/remote_h5_metadata.py,3,3.12.1,INSTALLED_LOCAL,NOT_A_HISTORICAL_LOCK
Python,numpy,numpy,data_prep/spatial/remote_h5_metadata.py,3,2.0.2,INSTALLED_LOCAL,NOT_A_HISTORICAL_LOCK
Python,pandas,pandas,data_prep/spatial/remote_h5_metadata.py,42,2.2.3,INSTALLED_LOCAL,NOT_A_HISTORICAL_LOCK
Python,pandas,pandas,data_prep/spatial/spatial_preflight.py,5,2.2.3,INSTALLED_LOCAL,NOT_A_HISTORICAL_LOCK
Python,h5py,h5py,data_prep/spatial/spatial_preflight.py,5,3.12.1,INSTALLED_LOCAL,NOT_A_HISTORICAL_LOCK
Python,numpy,numpy,data_prep/spatial/spatial_preflight.py,5,2.0.2,INSTALLED_LOCAL,NOT_A_HISTORICAL_LOCK
Python,h5py,h5py,analysis/spatial/xenium_spatial_followthrough.py,4,3.12.1,INSTALLED_LOCAL,NOT_A_HISTORICAL_LOCK
Python,numpy,numpy,analysis/spatial/xenium_spatial_followthrough.py,4,2.0.2,INSTALLED_LOCAL,NOT_A_HISTORICAL_LOCK
Python,pandas,pandas,analysis/spatial/xenium_spatial_followthrough.py,4,2.2.3,INSTALLED_LOCAL,NOT_A_HISTORICAL_LOCK
Python,scipy,scipy,analysis/spatial/xenium_spatial_followthrough.py,4,1.14.1,INSTALLED_LOCAL,NOT_A_HISTORICAL_LOCK
Python,scipy,scipy,analysis/spatial/xenium_spatial_followthrough.py,5,1.14.1,INSTALLED_LOCAL,NOT_A_HISTORICAL_LOCK
R,jsonlite,jsonlite,plotting/final_20260917/plot_final.R,,,SEE_R_INVENTORY,NOT_A_HISTORICAL_LOCK
R,cowplot,cowplot,plotting/final_20260917/theme_final.R,,,SEE_R_INVENTORY,NOT_A_HISTORICAL_LOCK
R,grDevices,grDevices,plotting/final_20260917/theme_final.R,,,SEE_R_INVENTORY,NOT_A_HISTORICAL_LOCK
R,ggplot2,ggplot2,plotting/final_20260917/theme_final.R,,,SEE_R_INVENTORY,NOT_A_HISTORICAL_LOCK
R,tidyr,tidyr,plotting/final_20260917/theme_final.R,,,SEE_R_INVENTORY,NOT_A_HISTORICAL_LOCK
R,ggrepel,ggrepel,plotting/final_20260917/theme_final.R,,,SEE_R_INVENTORY,NOT_A_HISTORICAL_LOCK
R,dplyr,dplyr,plotting/final_20260917/theme_final.R,,,SEE_R_INVENTORY,NOT_A_HISTORICAL_LOCK
R,tools,tools,plotting/final_20260917/theme_final.R,,,SEE_R_INVENTORY,NOT_A_HISTORICAL_LOCK
R,utils,utils,plotting/final_20260917/registered_original_csv_io.R,,,SEE_R_INVENTORY,NOT_A_HISTORICAL_LOCK
Python,reportlab,reportlab.pdfgen,plotting/supplement_20260917/render_figures.py,7,,MISSING_LOCAL,NOT_A_HISTORICAL_LOCK
Python,reportlab,reportlab.lib.pagesizes,plotting/supplement_20260917/render_figures.py,8,,MISSING_LOCAL,NOT_A_HISTORICAL_LOCK
Python,reportlab,reportlab.pdfbase,plotting/supplement_20260917/render_figures.py,9,,MISSING_LOCAL,NOT_A_HISTORICAL_LOCK
Python,reportlab,reportlab.pdfbase.ttfonts,plotting/supplement_20260917/render_figures.py,10,,MISSING_LOCAL,NOT_A_HISTORICAL_LOCK
Python,reportlab,reportlab.platypus,plotting/supplement_20260917/render_figures.py,11,,MISSING_LOCAL,NOT_A_HISTORICAL_LOCK
Python,reportlab,reportlab.lib.styles,plotting/supplement_20260917/render_figures.py,12,,MISSING_LOCAL,NOT_A_HISTORICAL_LOCK
Python,pandas,pandas,plotting/tables/recorded/prepare_workbook.py,2,2.2.3,INSTALLED_LOCAL,NOT_A_HISTORICAL_LOCK
Python,lxml,lxml,plotting/tables/final_20260917/finalize_workbook.py,2,,MISSING_LOCAL,NOT_A_HISTORICAL_LOCK
Python,openpyxl,openpyxl,plotting/tables/final_20260917/finalize_workbook.py,4,,MISSING_LOCAL,NOT_A_HISTORICAL_LOCK
